﻿<?xml version="1.0"?>
<dpInst>

    <language code="0x411">
        <dpinstTitle>EPSON Advanced Printer Driver Ver.4.11 Installer</dpinstTitle>
        <welcomeTitle>EPSON Advanced Printer Driver Ver.4.11 の インストールウィザードの開始</welcomeTitle>
        <welcomeIntro>このウィザードでは、EPSON TM-T20のプリンタードライバーのインストールを開始します。</welcomeIntro>
         <installHeaderTitle>EPSON Advanced Printer Driver Ver.4.11 をインストールしています...</installHeaderTitle>
        <finishTitle>EPSON Advanced Printer Driver Ver.4.11 のインストールに成功しました。</finishTitle>
    </language>

    <language code="0x409">
        <dpinstTitle>EPSON Advanced Printer Driver Ver.4.11 Installer</dpinstTitle>
        <welcomeTitle>EPSON Advanced Printer Driver Ver.4.11 Installation Wizard</welcomeTitle>
        <welcomeIntro>This wizard will walk you through updating the TM-T20 printer driver.</welcomeIntro>

       <installHeaderTitle>EPSON Advanced Printer Driver Ver.4.11 is now installing...</installHeaderTitle>
        <finishTitle>Completing EPSON Advanced Printer Driver Ver.4.11 Installation Wizard</finishTitle>
    </language>
<legacyMode /> 

</dpInst>
